metric,0,1,2,accuracy,macro avg,weighted avg
precision,0.5549805950840879,0.7648351648351648,0.6684155299055614,0.6684370257966616,0.662743763274938,0.6635958157925913
recall,0.48916761687571264,0.7733333333333333,0.7415599534342259,0.6684370257966616,0.6680203012144239,0.6684370257966616
f1-score,0.5199999999999999,0.7690607734806629,0.7030905077262694,0.6684370257966616,0.6640504270689774,0.6647000919079902
support,877.0,900.0,859.0,0.6684370257966616,2636.0,2636.0
