metric,0,1,2,accuracy,macro avg,weighted avg
precision,0.5579896907216495,0.7719688542825361,0.6659729448491155,0.6703338391502276,0.6653104966177671,0.6662366036580271
recall,0.49372862029646525,0.7711111111111111,0.7450523864959255,0.6703338391502276,0.6699640393011673,0.6703338391502276
f1-score,0.5238959467634604,0.7715397443023901,0.7032967032967032,0.6703338391502276,0.6662441314541846,0.6669098570999901
support,877.0,900.0,859.0,0.6703338391502276,2636.0,2636.0
