metric,0,1,2,accuracy,macro avg,weighted avg
precision,0.6679151061173533,0.8777533039647577,0.6936353829557713,0.7492412746585736,0.746434597679294,0.7479409391472718
recall,0.6100342075256556,0.8855555555555555,0.7485448195576252,0.7492412746585736,0.7480448608796122,0.7492412746585736
f1-score,0.6376638855780691,0.8816371681415929,0.7200447928331467,0.7492412746585736,0.746448615517603,0.7478084810406197
support,877.0,900.0,859.0,0.7492412746585736,2636.0,2636.0
