metric,0,1,2,accuracy,macro avg,weighted avg
precision,0.715076071922545,0.8722044728434505,0.7063655030800822,0.7678300455235205,0.7645486826153592,0.7658853216164522
recall,0.5895096921322691,0.91,0.8009313154831199,0.7678300455235205,0.7668136692051296,0.7678300455235205
f1-score,0.6462500000000001,0.8907014681892332,0.7506819421713039,0.7678300455235205,0.762544470120179,0.7637436872896284
support,877.0,900.0,859.0,0.7678300455235205,2636.0,2636.0
