metric,0,1,2,accuracy,macro avg,weighted avg
precision,0.6717557251908397,0.8646616541353384,0.7029379760609358,0.7507587253414264,0.7464517851290381,0.747780341862866
recall,0.6020524515393386,0.8944444444444445,0.7520372526193247,0.7507587253414264,0.7495113828677026,0.7507587253414264
f1-score,0.634996993385448,0.8793009284543964,0.7266591676040494,0.7507587253414264,0.746985696481298,0.7482789923292387
support,877.0,900.0,859.0,0.7507587253414264,2636.0,2636.0
