metric,0,1,2,accuracy,macro avg,weighted avg
precision,0.7160664819944599,0.8774193548387097,0.7042682926829268,0.7685887708649469,0.7659180431720322,0.767311907237714
recall,0.5895096921322691,0.9066666666666666,0.8067520372526193,0.7685887708649469,0.7676427986838515,0.7685887708649469
f1-score,0.6466541588492809,0.8918032786885245,0.7520347259902332,0.7685887708649469,0.7634973878426795,0.7646951736555773
support,877.0,900.0,859.0,0.7685887708649469,2636.0,2636.0
